breadth,max_distance
144.2707355,100
84.8779979,140
76.117533,200
68.74634,220
66.8839877,240
66.2203772,300
65.282974,316
64.8499678,360
64.7725257,424
